product_id,customer_id,quantity,sale_date,price_sale,price_product,revenue,profit_margin
151,175,9,2025-05-09 00:03:53.957050,32.34,13.33,291.06000000000006,58.781694495980204
192,253,9,2025-04-02 00:03:53.957050,96.13,63.66,865.17,33.77717673983148
114,755,6,2025-03-28 00:03:53.957050,67.92999999999999,30.7,407.5799999999999,54.80641837185337
171,534,8,2025-03-28 00:03:53.957050,38.120000000000005,20.85,304.96000000000004,45.30430220356768
160,185,1,2025-03-16 00:03:53.957050,40.54,16.93,40.54,58.23877651702023
120,796,4,2025-02-22 00:03:53.957050,83.15,72.67,332.6,12.6037282020445
182,384,1,2025-03-03 00:03:53.957050,53.74,40.59,53.74,24.46966877558615
186,319,8,2025-03-01 00:03:53.957050,110.88,75.23,887.04,32.1518759018759
174,168,1,2025-04-16 00:03:53.957050,29.04,15.88,29.04,45.3168044077135
174,146,3,2025-03-13 00:03:53.957050,67.01,38.38,201.03000000000003,42.72496642292195
187,193,4,2025-03-08 00:03:53.957050,95.46,58.55,381.84,38.66540959564215
199,849,8,2025-02-14 00:03:53.957050,90.98,81.17,727.84,10.782589580127503
123,552,6,2025-02-22 00:03:53.957050,69.22,38.69,415.32,44.10574978329962
102,303,7,2025-03-21 00:03:53.957050,82.88,66.33,580.16,19.968629343629342
121,317,8,2025-02-20 00:03:53.957050,138.07,89.74,1104.56,35.00398348663721
152,573,2,2025-03-12 00:03:53.957050,92.19000000000001,65.43,184.38000000000002,29.02700943703222
101,531,8,2025-03-27 00:03:53.957050,72.24000000000001,30.97,577.9200000000001,57.12901439645627
187,440,3,2025-05-09 00:03:53.957050,41.96,12.2,125.88,70.92469018112489
129,650,7,2025-04-15 00:03:53.957050,95.26,88.31,666.82,7.295821960948984
137,711,3,2025-02-16 00:03:53.957050,45.400000000000006,11.91,136.20000000000002,73.76651982378856
101,388,7,2025-04-26 00:03:53.957050,136.53,88.72,955.71,35.017944774042334
163,353,2,2025-05-09 00:03:53.957050,89.67,57.6,179.34,35.764469722315155
159,833,6,2025-03-02 00:03:53.957050,136.38,94.52,818.28,30.693650095321896
120,456,3,2025-03-01 00:03:53.957050,126.68,81.89,380.04,35.356804546889805
132,122,3,2025-02-20 00:03:53.957050,115.07000000000001,99.81,345.21000000000004,13.261493004258282
175,861,9,2025-03-27 00:03:53.957050,56.1,41.56,504.90000000000003,25.918003565062385
157,621,7,2025-03-13 00:03:53.957050,111.53999999999999,79.05,780.78,29.128563743948355
121,857,5,2025-05-11 00:03:53.957050,69.67,46.17,348.35,33.730443519448826
188,936,7,2025-02-25 00:03:53.957050,95.97999999999999,53.19,671.8599999999999,44.58220462596375
148,199,9,2025-04-05 00:03:53.957050,111.98,66.48,1007.82,40.63225575995713
190,901,1,2025-04-12 00:03:53.957050,109.53,88.63,109.53,19.081530174381452
158,279,7,2025-03-02 00:03:53.957050,114.22999999999999,98.57,799.6099999999999,13.709183226823074
141,322,6,2025-05-10 00:03:53.957050,119.25999999999999,79.14,715.56,33.64078483984571
191,861,9,2025-03-26 00:03:53.957050,64.97,47.6,584.73,26.73541634600585
159,758,1,2025-04-01 00:03:53.957050,89.94,47.92,89.94,46.72003557927507
179,541,4,2025-03-27 00:03:53.957050,100.44999999999999,76.38,401.79999999999995,23.962170233947234
114,707,9,2025-04-12 00:03:53.957050,66.53,31.49,598.77,52.66796933714115
161,868,4,2025-05-08 00:03:53.957050,29.240000000000002,19.94,116.96000000000001,31.805745554035568
161,424,3,2025-04-20 00:03:53.957050,74.99000000000001,41.92,224.97000000000003,44.099213228430465
146,615,9,2025-04-08 00:03:53.957050,61.18,35.85,550.62,41.40241909120627
161,115,2,2025-03-02 00:03:53.957050,68.07,36.67,136.14,46.12898486851769
150,891,4,2025-04-23 00:03:53.957050,43.58,31.02,174.32,28.820559889857734
154,435,6,2025-04-12 00:03:53.957050,51.949999999999996,13.79,311.7,73.45524542829644
163,858,2,2025-04-29 00:03:53.957050,55.44,11.61,110.88,79.05844155844156
102,357,8,2025-04-03 00:03:53.957050,113.65,98.9,909.2,12.978442586889571
150,596,8,2025-04-26 00:03:53.957050,57.81,48.5,462.48,16.10448019373811
106,995,1,2025-04-21 00:03:53.957050,50.650000000000006,44.59,50.650000000000006,11.964461994077002
120,259,3,2025-03-28 00:03:53.957050,105.06,71.17,315.18,32.257757471920804
172,574,9,2025-03-03 00:03:53.957050,61.96,29.64,557.64,52.16268560361523
138,951,5,2025-04-09 00:03:53.957050,125.1,95.5,625.5,23.661071143085525
117,763,6,2025-04-07 00:03:53.957050,96.21,80.77,577.26,16.048227834944388
103,789,4,2025-02-21 00:03:53.957050,40.64,18.05,162.56,55.58562992125984
188,774,2,2025-04-28 00:03:53.957050,79.33,47.58,158.66,40.02269002899281
159,479,8,2025-03-04 00:03:53.957050,116.47,89.12,931.76,23.482441830514293
113,644,6,2025-03-08 00:03:53.957050,144.48000000000002,95.03,866.8800000000001,34.22619047619048
108,790,5,2025-02-25 00:03:53.957050,63.21,52.07,316.05,17.623793703527923
189,526,9,2025-02-20 00:03:53.957050,101.49,65.21,913.41,35.747364272342104
152,712,1,2025-03-02 00:03:53.957050,48.22,25.03,48.22,48.09207797594359
101,367,5,2025-03-28 00:03:53.957050,123.47999999999999,99.21,617.4,19.65500485908649
183,934,6,2025-05-08 00:03:53.957050,68.14,30.85,408.84000000000003,54.7255650132081
191,676,5,2025-02-19 00:03:53.957050,131.01,94.85,655.05,27.600946492634147
159,516,6,2025-04-07 00:03:53.957050,118.08,68.47,708.48,42.013888888888886
170,267,6,2025-02-19 00:03:53.957050,75.48,64.7,452.88,14.281928987811343
143,941,7,2025-04-16 00:03:53.957050,65.82,56.14,460.73999999999995,14.706776055910048
107,142,4,2025-04-21 00:03:53.957050,68.36,30.76,273.44,55.00292568753656
146,655,8,2025-02-27 00:03:53.957050,56.92,25.89,455.36,54.515108924806746
134,384,7,2025-04-20 00:03:53.957050,47.18,29.84,330.26,36.7528613819415
177,496,9,2025-03-23 00:03:53.957050,35.35,26.78,318.15000000000003,24.243281471004238
180,111,7,2025-05-05 00:03:53.957050,89.00999999999999,80.16,623.0699999999999,9.94270306707111
135,706,3,2025-04-11 00:03:53.957050,86.75,41.51,260.25,52.14985590778098
149,401,3,2025-04-25 00:03:53.957050,28.840000000000003,15.21,86.52000000000001,47.260748959778084
103,997,8,2025-04-13 00:03:53.957050,116.77,97.22,934.16,16.742313950500982
101,352,5,2025-04-08 00:03:53.957050,104.74000000000001,89.54,523.7,14.512125262554898
105,598,4,2025-02-15 00:03:53.957050,114.47,93.5,457.88,18.319210273434088
153,853,8,2025-04-08 00:03:53.957050,107.66000000000001,99.54,861.2800000000001,7.542262678803644
103,134,6,2025-05-06 00:03:53.957050,54.01,25.65,324.06,52.508794667654136
153,826,2,2025-04-17 00:03:53.957050,53.699999999999996,45.66,107.39999999999999,14.972067039106147
192,948,4,2025-04-29 00:03:53.957050,119.25999999999999,78.24,477.03999999999996,34.39543853764883
162,189,4,2025-04-27 00:03:53.957050,88.16,72.64,352.64,17.604355716878402
117,875,6,2025-02-16 00:03:53.957050,53.150000000000006,23.85,318.90000000000003,55.126999059266225
189,704,6,2025-03-27 00:03:53.957050,128.02,83.42,768.1200000000001,34.83830651460709
143,701,1,2025-03-28 00:03:53.957050,64.49,30.2,64.49,53.17103426887889
133,517,8,2025-03-12 00:03:53.957050,59.120000000000005,30.14,472.96000000000004,49.01894451962111
173,214,6,2025-02-27 00:03:53.957050,77.93,58.33,467.58000000000004,25.150776337739007
161,716,3,2025-04-11 00:03:53.957050,83.35,63.36,250.04999999999998,23.98320335932813
199,295,9,2025-03-07 00:03:53.957050,97.34,62.21,876.0600000000001,36.08999383603862
113,925,2,2025-03-08 00:03:53.957050,67.97,18.23,135.94,73.17934382815947
194,600,8,2025-04-07 00:03:53.957050,123.75,88.97,990.0,28.105050505050507
147,725,3,2025-04-02 00:03:53.957050,64.0,33.9,192.0,47.03125000000001
114,592,5,2025-03-19 00:03:53.957050,59.540000000000006,21.66,297.70000000000005,63.6210950621431
171,174,6,2025-04-25 00:03:53.957050,115.91999999999999,89.99,695.52,22.368875086266385
177,512,6,2025-04-17 00:03:53.957050,103.72,96.01,622.3199999999999,7.433474739683758
186,475,4,2025-04-22 00:03:53.957050,117.89,87.59,471.56,25.701925523793363
161,519,3,2025-03-10 00:03:53.957050,130.95,82.86,392.84999999999997,36.72394043528064
139,828,4,2025-03-06 00:03:53.957050,81.86,68.97,327.44,15.746396286342538
184,376,1,2025-02-12 00:03:53.957050,95.63,59.58,95.63,37.69737530063787
179,860,4,2025-05-11 00:03:53.957050,31.869999999999997,17.83,127.47999999999999,44.053969250078445
181,775,1,2025-02-11 00:03:53.957050,75.87,46.76,75.87,38.3682614999341
152,493,1,2025-04-01 00:03:53.957050,52.89,43.54,52.89,17.678200037814335
123,968,6,2025-03-13 00:03:53.957050,58.650000000000006,33.38,351.90000000000003,43.086104006820115
125,556,5,2025-02-25 00:03:53.957050,114.14,75.11,570.7,34.19484843175048
188,291,4,2025-02-19 00:03:53.957050,75.27000000000001,54.63,301.08000000000004,27.421283379832612
159,838,3,2025-02-15 00:03:53.957050,52.21,17.29,156.63,66.88373874736641
140,788,1,2025-03-27 00:03:53.957050,70.62,29.82,70.62,57.77400169923534
128,198,6,2025-05-05 00:03:53.957050,118.21,71.49,709.26,39.52288300482193
114,647,2,2025-05-04 00:03:53.957050,32.410000000000004,16.85,64.82000000000001,48.00987349583462
144,195,8,2025-04-04 00:03:53.957050,109.58,86.61,876.64,20.961854352984123
164,763,5,2025-04-27 00:03:53.957050,66.42,54.56,332.1,17.85606744956338
188,762,7,2025-03-23 00:03:53.957050,102.91,53.25,720.37,48.25575745797298
170,289,2,2025-03-03 00:03:53.957050,110.03999999999999,63.32,220.07999999999998,42.45728825881498
108,835,8,2025-05-04 00:03:53.957050,113.52,84.22,908.16,25.810429880197322
187,136,2,2025-04-02 00:03:53.957050,84.19,41.3,168.38,50.944292671338644
100,879,4,2025-02-26 00:03:53.957050,99.46,71.02,397.84,28.594409812990147
107,468,1,2025-05-06 00:03:53.957050,93.98,60.92,93.98,35.17769738242179
187,794,5,2025-04-01 00:03:53.957050,43.04,34.03,215.2,20.934014869888472
162,624,9,2025-03-17 00:03:53.957050,128.07,89.08,1152.6299999999999,30.44428827984696
110,378,1,2025-03-27 00:03:53.957050,92.52,81.77,92.52,11.619109381755296
180,316,9,2025-04-26 00:03:53.957050,111.43,69.26,1002.8700000000001,37.844386610428074
107,966,8,2025-04-03 00:03:53.957050,126.74,86.55,1013.92,31.71058860659618
134,972,6,2025-05-05 00:03:53.957050,124.95,88.06,749.7,29.523809523809526
134,897,7,2025-04-21 00:03:53.957050,80.38,73.75,562.66,8.248320477730774
132,372,3,2025-04-28 00:03:53.957050,103.97,85.33,311.90999999999997,17.928248533230743
104,980,1,2025-03-23 00:03:53.957050,89.61,72.77,89.61,18.7925454748354
140,161,5,2025-02-21 00:03:53.957050,92.41999999999999,71.21,462.0999999999999,22.949578013417007
127,695,2,2025-02-12 00:03:53.957050,74.62,65.68,149.24,11.98070222460466
106,979,5,2025-03-04 00:03:53.957050,124.89999999999999,77.74,624.5,37.7582065652522
172,828,8,2025-02-15 00:03:53.957050,54.19,24.27,433.52,55.21313895552685
171,441,9,2025-03-21 00:03:53.957050,108.03,89.28,972.27,17.356289919466818
111,496,2,2025-02-19 00:03:53.957050,111.33,88.47,222.66,20.53354890864996
133,798,3,2025-04-09 00:03:53.957050,37.75,12.63,113.25,66.54304635761588
132,118,3,2025-03-12 00:03:53.957050,116.35,84.32,349.04999999999995,27.529007305543622
147,276,1,2025-02-13 00:03:53.957050,49.81,21.6,49.81,56.63521381248745
122,711,8,2025-04-14 00:03:53.957050,86.53,40.16,692.24,53.58835086097308
161,495,6,2025-03-28 00:03:53.957050,104.28,76.92,625.6800000000001,26.237054085155346
187,544,8,2025-03-03 00:03:53.957050,74.12,24.47,592.96,66.98596869940637
136,332,9,2025-04-17 00:03:53.957050,126.93,83.62,1142.3700000000001,34.12116914834948
198,175,5,2025-02-26 00:03:53.957050,99.27,84.89,496.34999999999997,14.485745945401426
143,364,3,2025-04-19 00:03:53.957050,102.55000000000001,55.67,307.65000000000003,45.71428571428572
185,554,5,2025-03-20 00:03:53.957050,20.810000000000002,10.57,104.05000000000001,49.20711196540125
190,895,5,2025-05-12 00:03:53.957050,77.62,35.83,388.1,53.839216696727654
134,817,5,2025-04-22 00:03:53.957050,87.64999999999999,65.52,438.24999999999994,25.24814603536794
164,834,3,2025-03-16 00:03:53.957050,142.82,98.31,428.46,31.16510292676095
198,483,4,2025-04-24 00:03:53.957050,110.92,66.86,443.68,39.72232239451857
146,663,9,2025-02-17 00:03:53.957050,74.65,33.38,671.85,55.28466175485599
177,950,9,2025-02-12 00:03:53.957050,107.61,67.06,968.49,37.682371526809774
102,605,2,2025-03-22 00:03:53.957050,77.31,58.6,154.62,24.201267623852026
100,466,8,2025-02-22 00:03:53.957050,88.83,80.19,710.64,9.726443768996962
104,243,8,2025-03-25 00:03:53.957050,42.76,19.63,342.08,54.09260991580916
189,984,7,2025-04-21 00:03:53.957050,91.3,78.49,639.1,14.030668127053673
113,168,8,2025-05-02 00:03:53.957050,94.98,58.71,759.84,38.18698673404928
126,198,3,2025-02-19 00:03:53.957050,117.24000000000001,96.67,351.72,17.545206414193114
108,495,6,2025-02-23 00:03:53.957050,89.67,40.77,538.02,54.53328872532619
178,124,1,2025-03-29 00:03:53.957050,100.78,66.94,100.78,33.57809089104982
114,990,7,2025-02-17 00:03:53.957050,135.89,93.88,951.2299999999999,30.914710427551697
189,568,1,2025-04-16 00:03:53.957050,30.19,19.23,30.19,36.303411725737
141,583,9,2025-04-21 00:03:53.957050,138.14,94.35,1243.2599999999998,31.69972491675112
176,664,1,2025-03-26 00:03:53.957050,118.43,71.91,118.43,39.280587688930176
150,250,1,2025-04-16 00:03:53.957050,43.03,16.11,43.03,62.56100395073205
162,243,7,2025-05-01 00:03:53.957050,69.37,37.09,485.59000000000003,46.53308346547499
195,668,2,2025-05-03 00:03:53.957050,113.16,73.74,226.32,34.83563096500531
151,138,5,2025-04-14 00:03:53.957050,28.93,16.06,144.65,44.48669201520913
195,208,8,2025-04-28 00:03:53.957050,90.02,62.4,720.16,30.682070650966452
103,792,8,2025-04-05 00:03:53.957050,64.07000000000001,41.13,512.5600000000001,35.804588731075384
193,141,3,2025-05-09 00:03:53.957050,77.47,65.88,232.41,14.960629921259846
122,285,7,2025-04-05 00:03:53.957050,35.66,14.12,249.61999999999998,60.403813796971406
114,497,3,2025-02-16 00:03:53.957050,96.50999999999999,88.44,289.53,8.361827789866329
142,322,6,2025-04-13 00:03:53.957050,103.77,97.61,622.62,5.936205068902376
128,733,6,2025-03-21 00:03:53.957050,108.28,97.2,649.6800000000001,10.232729959364608
135,232,3,2025-04-08 00:03:53.957050,125.81,77.47,377.43,38.423018837930215
112,262,7,2025-04-15 00:03:53.957050,51.44,21.71,360.08,57.7954898911353
131,314,3,2025-04-11 00:03:53.957050,126.69999999999999,78.24,380.09999999999997,38.24782951854775
170,832,8,2025-04-02 00:03:53.957050,36.67,12.21,293.36,66.70302699754568
158,334,4,2025-04-27 00:03:53.957050,31.020000000000003,11.99,124.08000000000001,61.34751773049645
185,942,1,2025-04-11 00:03:53.957050,66.9,39.12,66.9,41.52466367713005
127,757,4,2025-04-04 00:03:53.957050,78.75999999999999,53.98,315.03999999999996,31.46267140680548
165,850,7,2025-03-16 00:03:53.957050,89.09,79.34,623.63,10.943989224379841
141,687,4,2025-03-24 00:03:53.957050,105.34,71.5,421.36,32.124549079172205
144,108,6,2025-02-15 00:03:53.957050,64.85000000000001,50.13,389.1,22.698535080956063
161,173,9,2025-02-17 00:03:53.957050,67.51,34.63,607.59,48.70389571915272
156,591,1,2025-04-19 00:03:53.957050,134.0,99.74,134.0,25.56716417910448
105,352,5,2025-04-22 00:03:53.957050,60.2,48.36,301.0,19.667774086378742
127,329,7,2025-05-08 00:03:53.957050,58.379999999999995,50.62,408.65999999999997,13.292223364165809
127,618,1,2025-03-03 00:03:53.957050,64.86,24.73,64.86,61.87172371261177
143,273,4,2025-03-18 00:03:53.957050,107.22,81.53,428.88,23.96008207423988
183,752,6,2025-03-28 00:03:53.957050,80.05000000000001,72.43,480.30000000000007,9.519050593379143
129,267,2,2025-03-07 00:03:53.957050,79.64,29.87,159.28,62.49372174786539
161,269,5,2025-04-11 00:03:53.957050,25.009999999999998,17.41,125.04999999999998,30.387844862055168
174,492,1,2025-03-06 00:03:53.957050,107.52,71.24,107.52,33.742559523809526
191,894,6,2025-03-27 00:03:53.957050,118.18,68.91,709.08,41.690641394482995
188,733,6,2025-04-08 00:03:53.957050,50.35,34.59,302.1,31.30089374379344
161,293,4,2025-05-08 00:03:53.957050,106.98,95.58,427.92,10.656197420078524
196,616,8,2025-04-16 00:03:53.957050,34.06,23.6,272.48,30.710510863182623
100,128,4,2025-02-19 00:03:53.957050,67.56,48.91,270.24,27.60509177027828
126,264,8,2025-04-18 00:03:53.957050,104.48,94.93,835.84,9.140505359877485
161,521,8,2025-04-30 00:03:53.957050,83.93,47.78,671.44,43.071607291790784
176,438,5,2025-04-11 00:03:53.957050,75.27,67.47,376.34999999999997,10.36269430051813
102,747,4,2025-04-03 00:03:53.957050,73.7,45.78,294.8,37.883310719131615
169,595,2,2025-05-11 00:03:53.957050,84.53,34.68,169.06,58.97314562877085
171,464,3,2025-04-17 00:03:53.957050,140.19,98.56,420.57,29.695413367572577
126,932,3,2025-02-17 00:03:53.957050,79.52000000000001,46.84,238.56000000000003,41.09657947686117
108,441,4,2025-04-07 00:03:53.957050,109.25,90.47,437.0,17.189931350114417
161,599,4,2025-04-06 00:03:53.957050,63.78,30.7,255.12,51.86578864847914
136,756,5,2025-03-26 00:03:53.957050,57.9,29.18,289.5,49.6027633851468
196,610,4,2025-04-18 00:03:53.957050,36.97,12.8,147.88,65.37733297268055
150,426,8,2025-04-04 00:03:53.957050,79.53,68.65,636.24,13.680372186596246
143,316,6,2025-05-02 00:03:53.957050,88.07,43.17,528.42,50.9821732712615
123,400,6,2025-02-22 00:03:53.957050,113.03,87.79,678.1800000000001,22.33035477306909
178,231,8,2025-05-03 00:03:53.957050,66.35000000000001,52.59,530.8000000000001,20.738507912584783
158,903,7,2025-05-06 00:03:53.957050,118.69,97.14,830.8299999999999,18.156542252927792
131,169,8,2025-03-08 00:03:53.957050,50.34,26.7,402.72,46.96066746126341
195,351,2,2025-04-11 00:03:53.957050,130.42000000000002,88.18,260.84000000000003,32.38767060266831
187,514,9,2025-04-13 00:03:53.957050,117.9,79.89,1061.1000000000001,32.23918575063613
151,886,1,2025-03-16 00:03:53.957050,119.0,79.38,119.0,33.294117647058826
161,544,8,2025-03-20 00:03:53.957050,91.53,86.03,732.24,6.008958811318693
157,975,4,2025-03-14 00:03:53.957050,102.22,78.49,408.88,23.214635100763065
151,281,4,2025-04-03 00:03:53.957050,93.02,66.36,372.08,28.660503117609114
111,266,5,2025-03-08 00:03:53.957050,27.669999999999998,21.81,138.35,21.17817130466209
138,190,8,2025-03-06 00:03:53.957050,29.62,12.93,236.96,56.34706279540851
101,813,5,2025-02-24 00:03:53.957050,132.09,92.88,660.45,29.684306154894397
102,957,8,2025-03-18 00:03:53.957050,76.67,65.5,613.36,14.568931785574543
155,630,1,2025-03-04 00:03:53.957050,110.78,81.69,110.78,26.259252572666547
180,138,9,2025-03-17 00:03:53.957050,68.02000000000001,53.34,612.1800000000001,21.5818876800941
158,225,6,2025-02-20 00:03:53.957050,26.11,20.56,156.66,21.256223669092307
101,550,3,2025-04-30 00:03:53.957050,37.12,21.27,111.35999999999999,42.699353448275865
101,272,8,2025-02-14 00:03:53.957050,120.61,71.7,964.88,40.552193018820994
191,752,9,2025-03-06 00:03:53.957050,89.8,48.73,808.1999999999999,45.734966592427625
153,853,6,2025-04-22 00:03:53.957050,76.23,28.05,457.38,63.203463203463215
186,319,7,2025-04-29 00:03:53.957050,81.19,54.24,568.3299999999999,33.19374307180688
195,737,1,2025-04-14 00:03:53.957050,25.72,15.78,25.72,38.64696734059098
196,157,5,2025-03-23 00:03:53.957050,92.04,62.38,460.20000000000005,32.22511951325511
100,759,5,2025-04-25 00:03:53.957050,59.66,34.21,298.29999999999995,42.65839758632249
118,575,4,2025-04-18 00:03:53.957050,124.78,81.78,499.12,34.46065074531175
101,555,6,2025-03-26 00:03:53.957050,47.34,37.93,284.04,19.877482044782433
152,928,7,2025-05-12 00:03:53.957050,77.94,50.97,545.5799999999999,34.603541185527334
143,994,9,2025-04-28 00:03:53.957050,22.8,11.05,205.20000000000002,51.53508771929825
189,460,1,2025-05-11 00:03:53.957050,36.129999999999995,16.52,36.129999999999995,54.27622474398007
131,100,6,2025-04-08 00:03:53.957050,83.5,45.32,501.0,45.72455089820359
169,486,7,2025-02-18 00:03:53.957050,79.61,53.19,557.27,33.186785579701045
131,447,3,2025-03-07 00:03:53.957050,85.91,64.0,257.73,25.503433826097073
167,289,8,2025-02-28 00:03:53.957050,59.0,36.25,472.0,38.559322033898304
154,604,5,2025-03-26 00:03:53.957050,98.22999999999999,72.55,491.15,26.142726254708332
174,290,9,2025-05-09 00:03:53.957050,127.74,87.41,1149.6599999999999,31.571943009237515
155,607,5,2025-05-01 00:03:53.957050,125.33,80.19,626.65,36.016915343493174
116,468,9,2025-04-25 00:03:53.957050,61.56,13.57,554.04,77.95646523716701
137,508,4,2025-03-16 00:03:53.957050,93.66,53.25,374.64,43.145419602818706
123,923,9,2025-05-06 00:03:53.957050,38.63,19.44,347.67,49.6764172922599
168,216,5,2025-04-29 00:03:53.957050,67.75,31.78,338.75,53.09225092250922
197,233,9,2025-04-26 00:03:53.957050,123.49,98.8,1111.4099999999999,19.993521742651225
169,157,3,2025-04-24 00:03:53.957050,39.28,22.82,117.84,41.90427698574338
185,655,4,2025-03-18 00:03:53.957050,97.74000000000001,54.9,390.96000000000004,43.830570902394115
110,784,9,2025-04-26 00:03:53.957050,72.36,65.63,651.24,9.300718629076844
115,771,6,2025-03-04 00:03:53.957050,118.8,73.22,712.8,38.36700336700337
196,272,2,2025-04-03 00:03:53.957050,86.14,60.37,172.28,29.916415138147208
172,928,7,2025-02-13 00:03:53.957050,44.550000000000004,10.88,311.85,75.57800224466891
158,914,2,2025-04-18 00:03:53.957050,74.05000000000001,39.38,148.10000000000002,46.81971640783255
169,248,2,2025-03-30 00:03:53.957050,101.87,56.59,203.74,44.44880730342594
179,179,1,2025-05-03 00:03:53.957050,51.56,17.91,51.56,65.26377036462375
192,985,3,2025-03-19 00:03:53.957050,74.19,41.56,222.57,43.98166868850249
102,312,6,2025-04-04 00:03:53.957050,20.990000000000002,12.99,125.94000000000001,38.11338732729872
119,302,8,2025-04-30 00:03:53.957050,45.4,17.07,363.2,62.40088105726872
158,863,9,2025-03-02 00:03:53.957050,57.48,45.72,517.3199999999999,20.459290187891437
135,328,7,2025-04-02 00:03:53.957050,60.120000000000005,21.94,420.84000000000003,63.50632069194943
118,775,4,2025-05-11 00:03:53.957050,89.13,61.08,356.52,31.470885223830358
189,326,6,2025-03-18 00:03:53.957050,107.66,72.05,645.96,33.07635147687163
166,758,5,2025-04-11 00:03:53.957050,88.92999999999999,82.05,444.65,7.736421904868994
118,631,8,2025-04-04 00:03:53.957050,36.83,28.01,294.64,23.947868585392335
119,540,1,2025-03-23 00:03:53.957050,62.3,25.07,62.3,59.759229534510425
195,501,1,2025-03-15 00:03:53.957050,27.65,19.41,27.65,29.801084990958405
170,146,6,2025-05-11 00:03:53.957050,75.49000000000001,67.28,452.94000000000005,10.875612663929006
151,332,2,2025-03-24 00:03:53.957050,79.12,73.58,158.24,7.002022244691615
132,404,5,2025-04-28 00:03:53.957050,60.879999999999995,12.84,304.4,78.90932982917214
139,625,1,2025-03-12 00:03:53.957050,132.45,94.26,132.45,28.833522083805203
138,242,7,2025-03-11 00:03:53.957050,35.58,14.68,249.06,58.740865654862276
181,514,1,2025-03-29 00:03:53.957050,77.06,58.72,77.06,23.799636646768754
100,612,4,2025-02-21 00:03:53.957050,94.55999999999999,73.82,378.23999999999995,21.933164128595596
110,472,9,2025-04-13 00:03:53.957050,128.25,88.39,1154.25,31.079922027290447
191,665,1,2025-04-17 00:03:53.957050,109.03,74.27,109.03,31.881133632945062
156,985,4,2025-03-15 00:03:53.957050,95.49,82.16,381.96,13.959576919049113
188,358,6,2025-04-16 00:03:53.957050,53.379999999999995,40.55,320.28,24.035219183214686
149,755,6,2025-02-17 00:03:53.957050,92.75999999999999,83.33,556.56,10.16601983613626
122,570,8,2025-02-16 00:03:53.957050,51.92,17.21,415.36,66.85285053929123
130,111,1,2025-03-21 00:03:53.957050,129.93,90.53,129.93,30.324020626491187
193,429,7,2025-02-19 00:03:53.957050,76.21000000000001,59.28,533.47,22.21493242356647
141,835,1,2025-04-11 00:03:53.957050,89.5,83.56,89.5,6.636871508379885
198,883,7,2025-03-23 00:03:53.957050,59.41,50.71,415.87,14.643999326712667
106,457,3,2025-03-26 00:03:53.957050,116.47,67.92,349.40999999999997,41.68455396239374
115,507,8,2025-04-22 00:03:53.957050,75.68,57.38,605.44,24.180761099365753
189,767,3,2025-02-18 00:03:53.957050,115.46000000000001,75.84,346.38,34.31491425601941
159,472,1,2025-02-26 00:03:53.957050,50.46,17.35,50.46,65.61632976615141
101,107,8,2025-04-12 00:03:53.957050,37.620000000000005,15.43,300.96000000000004,58.98458266879321
100,221,3,2025-04-27 00:03:53.957050,46.5,32.24,139.5,30.666666666666664
147,447,2,2025-03-08 00:03:53.957050,34.82,24.36,69.64,30.04020677771396
111,775,1,2025-03-14 00:03:53.957050,121.13999999999999,88.46,121.13999999999999,26.977051345550603
168,189,3,2025-04-06 00:03:53.957050,69.59,29.73,208.77,57.2783445897399
136,747,2,2025-04-16 00:03:53.957050,131.81,97.83,263.62,25.779531143312344
131,797,2,2025-03-25 00:03:53.957050,69.18,40.32,138.36,41.71725932350391
108,415,6,2025-04-04 00:03:53.957050,33.28,26.39,199.68,20.703125
198,277,1,2025-03-10 00:03:53.957050,129.64999999999998,81.07,129.64999999999998,37.47011183956806
118,639,2,2025-03-15 00:03:53.957050,110.22,69.28,220.44,37.14389403012157
147,831,6,2025-02-27 00:03:53.957050,73.02000000000001,54.84,438.12000000000006,24.89728841413312
179,968,3,2025-03-19 00:03:53.957050,109.08,59.98,327.24,45.01283461679502
102,140,4,2025-03-26 00:03:53.957050,106.81,74.73,427.24,30.034640951221792
119,839,1,2025-04-14 00:03:53.957050,61.769999999999996,30.56,61.769999999999996,50.52614537801522
123,803,8,2025-03-24 00:03:53.957050,138.32999999999998,99.67,1106.6399999999999,27.94766138943106
153,601,7,2025-03-23 00:03:53.957050,139.26,97.73,974.8199999999999,29.82191584087318
132,244,7,2025-04-14 00:03:53.957050,103.07,68.53,721.49,33.511205976520806
123,300,3,2025-03-11 00:03:53.957050,38.72,27.96,116.16,27.7892561983471
174,823,3,2025-05-12 00:03:53.957050,91.44,71.22,274.32,22.11286089238845
171,560,2,2025-03-11 00:03:53.957050,63.26,16.5,126.52,73.91716724628517
135,831,1,2025-04-03 00:03:53.957050,27.869999999999997,12.76,27.869999999999997,54.216002870470035
137,851,7,2025-02-24 00:03:53.957050,54.94,33.19,384.58,39.58864215507827
183,657,7,2025-03-24 00:03:53.957050,76.08,51.64,532.56,32.12407991587802
198,646,2,2025-04-26 00:03:53.957050,112.91,88.14,225.82,21.9378265875476
188,352,7,2025-04-08 00:03:53.957050,108.03,75.45,756.21,30.15828936406554
198,489,8,2025-02-26 00:03:53.957050,124.28,76.84,994.24,38.17186997103315
124,693,1,2025-05-12 00:03:53.957050,64.12,48.29,64.12,24.688084840923274
192,982,9,2025-02-25 00:03:53.957050,51.6,41.13,464.40000000000003,20.290697674418603
117,355,7,2025-03-30 00:03:53.957050,57.28,43.39,400.96000000000004,24.24930167597765
181,808,3,2025-04-06 00:03:53.957050,143.8,98.89,431.40000000000003,31.230876216968014
165,914,8,2025-03-28 00:03:53.957050,47.67,13.61,381.36,71.44954898258862
153,549,7,2025-05-12 00:03:53.957050,105.9,88.03,741.3000000000001,16.874409820585463
134,109,8,2025-02-20 00:03:53.957050,103.8,62.08,830.4,40.192678227360304
179,923,6,2025-04-17 00:03:53.957050,93.24,49.48,559.4399999999999,46.93264693264694
160,897,9,2025-03-14 00:03:53.957050,118.36,75.27,1065.24,36.40588036498818
140,341,5,2025-03-29 00:03:53.957050,100.15,53.8,500.75,46.28057913130306
199,350,3,2025-04-11 00:03:53.957050,104.96000000000001,88.61,314.88,15.577362804878057
132,976,3,2025-04-07 00:03:53.957050,130.04,91.06,390.12,29.975392187019374
167,104,1,2025-05-09 00:03:53.957050,73.67,47.95,73.67,34.91244740057011
132,218,8,2025-03-27 00:03:53.957050,77.8,34.91,622.4,55.12853470437018
113,900,2,2025-05-03 00:03:53.957050,101.09,63.31,202.18,37.372638243149666
120,473,3,2025-03-27 00:03:53.957050,132.05,92.11,396.15000000000003,30.246118894358204
147,164,8,2025-04-24 00:03:53.957050,63.49,28.96,507.92,54.38651756182076
119,245,8,2025-03-14 00:03:53.957050,79.05,66.07,632.4,16.419987349778626
107,323,4,2025-04-15 00:03:53.957050,96.37,66.84,385.48,30.642316073466848
106,338,4,2025-04-12 00:03:53.957050,125.29,75.98,501.16,39.35669247346157
166,276,5,2025-04-27 00:03:53.957050,69.02,21.84,345.09999999999997,68.35699797160242
116,878,6,2025-03-15 00:03:53.957050,81.36,74.42,488.15999999999997,8.529990167158306
132,952,5,2025-02-28 00:03:53.957050,104.23,91.81,521.15,11.915955099299628
147,381,7,2025-04-10 00:03:53.957050,37.1,26.17,259.7,29.460916442048514
175,162,2,2025-05-02 00:03:53.957050,69.05,31.38,138.1,54.554670528602465
158,316,7,2025-02-17 00:03:53.957050,139.23000000000002,97.43,974.6100000000001,30.022265316382967
185,953,7,2025-05-07 00:03:53.957050,40.9,26.29,286.3,35.72127139364303
121,926,1,2025-05-07 00:03:53.957050,114.65,86.89,114.65,24.21282163105103
129,894,7,2025-03-06 00:03:53.957050,97.14,54.31,679.98,44.09100267654931
137,788,5,2025-03-15 00:03:53.957050,70.22999999999999,32.25,351.15,54.079453225117454
150,560,3,2025-02-14 00:03:53.957050,117.77000000000001,88.37,353.31000000000006,24.96391271121678
153,709,3,2025-02-22 00:03:53.957050,81.65,50.08,244.95000000000002,38.66503368034294
107,204,4,2025-02-15 00:03:53.957050,84.21,56.33,336.84,33.107706923168266
126,198,2,2025-02-25 00:03:53.957050,60.72,42.33,121.44,30.286561264822137
126,610,2,2025-04-23 00:03:53.957050,93.8,63.37,187.6,32.44136460554371
197,484,1,2025-02-11 00:03:53.957050,60.72,24.72,60.72,59.28853754940712
120,504,5,2025-04-24 00:03:53.957050,89.5,45.2,447.5,49.497206703910614
129,922,4,2025-03-20 00:03:53.957050,130.88,97.25,523.52,25.695293398533003
196,617,2,2025-04-08 00:03:53.957050,72.47999999999999,33.23,144.95999999999998,54.15286975717439
127,575,3,2025-04-21 00:03:53.957050,81.31,69.11,243.93,15.004304513589966
163,808,7,2025-03-10 00:03:53.957050,65.04,39.27,455.28000000000003,39.62177121771218
196,962,7,2025-05-11 00:03:53.957050,85.03,79.61,595.21,6.374220863224746
168,744,4,2025-02-11 00:03:53.957050,37.88,21.78,151.52,42.50263991552271
160,969,5,2025-02-18 00:03:53.957050,134.97,97.28,674.85,27.924724012743567
147,870,5,2025-03-07 00:03:53.957050,100.47,50.84,502.35,49.39783019806907
118,536,6,2025-02-19 00:03:53.957050,40.7,31.24,244.20000000000002,23.243243243243253
103,122,9,2025-03-14 00:03:53.957050,39.68,16.61,357.12,58.140120967741936
134,664,2,2025-03-09 00:03:53.957050,66.28,25.28,132.56,61.85878092939047
163,776,5,2025-05-09 00:03:53.957050,70.96000000000001,56.78,354.80000000000007,19.983089064261563
148,813,3,2025-04-14 00:03:53.957050,70.31,40.33,210.93,42.63973830180629
116,557,4,2025-04-19 00:03:53.957050,122.59,84.6,490.36,30.98947711885146
143,182,6,2025-05-03 00:03:53.957050,81.5,48.78,489.0,40.147239263803684
191,244,8,2025-04-12 00:03:53.957050,45.84,32.38,366.72,29.363001745200695
129,184,1,2025-02-13 00:03:53.957050,86.53,65.54,86.53,24.257482953888818
192,177,8,2025-04-04 00:03:53.957050,113.88,73.61,911.04,35.36178433438707
145,556,7,2025-04-30 00:03:53.957050,54.97,25.03,384.78999999999996,54.46607240312898
105,977,1,2025-04-07 00:03:53.957050,30.33,25.09,30.33,17.276623804813713
198,100,2,2025-02-23 00:03:53.957050,52.540000000000006,13.3,105.08000000000001,74.68595355919301
136,150,3,2025-03-27 00:03:53.957050,82.87,76.28,248.61,7.952214311572346
123,784,1,2025-05-01 00:03:53.957050,108.3,69.74,108.3,35.604801477377656
192,816,9,2025-04-04 00:03:53.957050,66.83,52.72,601.47,21.113272482418076
145,871,8,2025-03-30 00:03:53.957050,134.09,85.98,1072.72,35.878887314490264
152,545,2,2025-04-22 00:03:53.957050,104.07000000000001,82.51,208.14000000000001,20.71682521379841
194,548,9,2025-02-24 00:03:53.957050,82.39,62.68,741.51,23.92280616579682
198,980,7,2025-03-28 00:03:53.957050,99.84,88.14,698.88,11.718750000000004
159,587,9,2025-02-26 00:03:53.957050,47.28,28.53,425.52,39.65736040609137
196,899,6,2025-05-02 00:03:53.957050,64.52000000000001,20.07,387.12000000000006,68.89336639801613
162,133,6,2025-03-17 00:03:53.957050,84.12,34.28,504.72,59.24869234427009
184,447,4,2025-02-15 00:03:53.957050,36.71,15.14,146.84,58.7578316535004
131,194,2,2025-05-01 00:03:53.957050,83.0,57.81,166.0,30.349397590361445
186,171,7,2025-03-05 00:03:53.957050,131.78,94.29,922.46,28.448930034906656
132,650,5,2025-04-21 00:03:53.957050,58.42,13.54,292.1,76.82300581992469
166,253,6,2025-02-20 00:03:53.957050,52.68,20.99,316.08,60.15565679574792
117,349,2,2025-03-23 00:03:53.957050,73.32000000000001,50.7,146.64000000000001,30.85106382978724
124,773,5,2025-04-22 00:03:53.957050,117.62,94.05,588.1,20.039108995068872
194,537,4,2025-03-19 00:03:53.957050,74.75,38.45,299.0,48.56187290969899
153,217,9,2025-02-26 00:03:53.957050,60.79,55.65,547.11,8.455338049021222
157,870,6,2025-02-27 00:03:53.957050,46.620000000000005,13.74,279.72,70.52767052767052
166,990,2,2025-02-18 00:03:53.957050,44.35,23.35,88.7,47.35062006764374
145,405,1,2025-03-03 00:03:53.957050,139.54,98.8,139.54,29.195929482585637
123,367,5,2025-03-14 00:03:53.957050,106.03999999999999,96.86,530.1999999999999,8.657110524330436
131,153,9,2025-03-07 00:03:53.957050,41.91,10.44,377.18999999999994,75.0894774516822
146,335,6,2025-03-07 00:03:53.957050,122.3,95.66,733.8,21.782502044153723
185,488,7,2025-04-09 00:03:53.957050,101.41999999999999,67.52,709.9399999999999,33.42535988956813
122,833,5,2025-04-06 00:03:53.957050,96.03,88.11,480.15,8.247422680412374
165,862,6,2025-03-20 00:03:53.957050,82.03,50.93,492.18,37.912958673655986
126,924,5,2025-03-14 00:03:53.957050,86.67,56.4,433.35,34.92557978539288
101,500,9,2025-04-18 00:03:53.957050,84.23,54.0,758.07,35.88982547785825
189,723,6,2025-02-24 00:03:53.957050,102.17999999999999,70.02,613.0799999999999,31.473869641808573
116,866,8,2025-03-10 00:03:53.957050,58.01,22.57,464.08,61.09291501465265
132,402,2,2025-05-04 00:03:53.957050,53.92,12.7,107.84,76.44658753709199
108,306,9,2025-05-01 00:03:53.957050,54.85,37.71,493.65000000000003,31.248860528714673
142,328,5,2025-04-21 00:03:53.957050,115.55000000000001,73.42,577.75,36.460406750324545
147,952,7,2025-03-18 00:03:53.957050,55.59,28.17,389.13,49.32541824069077
138,677,1,2025-03-23 00:03:53.957050,79.08,70.61,79.08,10.710672736469396
192,174,5,2025-03-22 00:03:53.957050,104.92,97.29,524.6,7.272207396111319
141,534,2,2025-04-01 00:03:53.957050,38.489999999999995,18.45,76.97999999999999,52.06547155105221
125,202,6,2025-02-14 00:03:53.957050,110.85,70.53,665.0999999999999,36.37347767253045
198,521,1,2025-04-11 00:03:53.957050,86.78999999999999,49.94,86.78999999999999,42.458808618504435
149,803,3,2025-03-05 00:03:53.957050,128.62,88.13,385.86,31.480329653242112
124,863,5,2025-03-13 00:03:53.957050,54.22,25.94,271.1,52.15787532275912
123,837,4,2025-05-01 00:03:53.957050,97.15,72.34,388.6,25.537828100874936
112,905,3,2025-04-21 00:03:53.957050,97.07000000000001,85.43,291.21000000000004,11.991346451014731
159,405,5,2025-03-31 00:03:53.957050,114.78999999999999,95.02,573.9499999999999,17.222754595348025
106,197,8,2025-04-19 00:03:53.957050,96.02,71.49,768.16,25.546761091439286
156,949,4,2025-03-26 00:03:53.957050,63.74,54.75,254.96,14.104173203639789
135,897,1,2025-05-05 00:03:53.957050,80.53999999999999,65.61,80.53999999999999,18.53737273404519
144,434,7,2025-04-06 00:03:53.957050,120.12,88.2,840.84,26.573426573426573
119,958,8,2025-03-07 00:03:53.957050,99.45,61.35,795.6,38.3107088989442
164,534,3,2025-03-06 00:03:53.957050,62.66,12.73,187.98,79.68400893712095
107,546,6,2025-05-05 00:03:53.957050,140.78,93.79,844.6800000000001,33.378320784202295
115,407,2,2025-04-04 00:03:53.957050,105.98,72.06,211.96,32.006038875259485
113,348,7,2025-03-10 00:03:53.957050,94.85,70.89,663.9499999999999,25.260938323668945
175,265,8,2025-04-26 00:03:53.957050,63.040000000000006,29.41,504.32000000000005,53.34708121827412
186,580,6,2025-04-26 00:03:53.957050,109.65,69.3,657.9000000000001,36.798905608755135
114,434,6,2025-05-02 00:03:53.957050,55.78,45.45,334.68,18.519182502689134
191,641,5,2025-03-20 00:03:53.957050,92.06,68.61,460.3,25.472517923093633
197,858,8,2025-05-09 00:03:53.957050,62.379999999999995,19.59,499.03999999999996,68.5957037512023
165,205,1,2025-03-17 00:03:53.957050,91.47999999999999,69.21,91.47999999999999,24.344118933100127
131,662,4,2025-03-22 00:03:53.957050,130.68,99.95,522.72,23.5154576063667
186,180,4,2025-03-03 00:03:53.957050,45.79,14.34,183.16,68.68311858484385
162,232,3,2025-02-24 00:03:53.957050,111.25,97.95,333.75,11.955056179775278
185,896,3,2025-02-18 00:03:53.957050,67.92,46.62,203.76,31.360424028268557
150,999,4,2025-02-22 00:03:53.957050,108.42,88.37,433.68,18.492897989300864
124,237,1,2025-02-14 00:03:53.957050,86.59,80.41,86.59,7.137082804018948
157,283,2,2025-02-23 00:03:53.957050,67.12,61.03,134.24,9.07330154946365
162,500,9,2025-05-08 00:03:53.957050,118.88999999999999,76.46,1070.0099999999998,35.68845150979897
161,429,2,2025-04-07 00:03:53.957050,106.35999999999999,89.07,212.71999999999997,16.256111320045125
121,884,5,2025-04-09 00:03:53.957050,74.67999999999999,46.37,373.4,37.9084092126406
157,607,9,2025-03-03 00:03:53.957050,57.870000000000005,39.43,520.83,31.864523932953176
157,951,9,2025-05-12 00:03:53.957050,117.41,70.08,1056.69,40.31172813218635
185,168,8,2025-03-26 00:03:53.957050,99.38,82.71,795.04,16.773998792513588
148,645,1,2025-04-12 00:03:53.957050,102.94,78.61,102.94,23.63512725859724
151,873,1,2025-04-21 00:03:53.957050,126.07,81.8,126.07,35.115412072658046
141,152,9,2025-03-19 00:03:53.957050,92.09,49.2,828.8100000000001,46.57400369204039
169,549,8,2025-04-05 00:03:53.957050,96.98,83.61,775.84,13.786347700556819
114,304,9,2025-04-07 00:03:53.957050,61.94,20.82,557.46,66.38682596060703
153,225,7,2025-04-16 00:03:53.957050,84.62,59.0,592.34,30.27653037107067
159,846,3,2025-02-27 00:03:53.957050,37.25,10.52,111.75,71.75838926174495
196,142,3,2025-04-13 00:03:53.957050,50.22,39.21,150.66,21.92353643966547
107,851,2,2025-04-06 00:03:53.957050,51.61,42.98,103.22,16.721565588064333
152,982,5,2025-04-13 00:03:53.957050,83.41999999999999,45.66,417.0999999999999,45.26492447854232
159,210,3,2025-02-26 00:03:53.957050,99.93,72.59,299.79,27.35915140598419
104,860,6,2025-04-21 00:03:53.957050,69.63,44.97,417.78,35.415769065058164
167,762,2,2025-04-16 00:03:53.957050,88.21000000000001,50.38,176.42000000000002,42.88629407096701
105,282,3,2025-03-27 00:03:53.957050,70.83,31.38,212.49,55.69673867005507
195,947,5,2025-04-07 00:03:53.957050,55.74,43.59,278.7,21.797631862217436
193,194,1,2025-04-16 00:03:53.957050,62.91,30.45,62.91,51.59752026704816
146,473,1,2025-03-06 00:03:53.957050,27.68,16.59,27.68,40.06502890173411
198,619,9,2025-03-16 00:03:53.957050,103.12,64.31,928.08,37.63576415826222
154,999,7,2025-02-21 00:03:53.957050,104.7,70.14,732.9,33.00859598853869
139,459,1,2025-04-05 00:03:53.957050,113.8,65.75,113.8,42.2231985940246
151,999,8,2025-03-06 00:03:53.957050,59.81,51.71,478.48,13.542885805049323
115,795,3,2025-05-06 00:03:53.957050,51.75,44.18,155.25,14.628019323671499
112,380,8,2025-03-29 00:03:53.957050,105.4,87.7,843.2,16.793168880455408
129,294,5,2025-04-21 00:03:53.957050,73.5,56.72,367.5,22.829931972789115
118,963,1,2025-03-08 00:03:53.957050,69.24000000000001,53.13,69.24000000000001,23.26689774696708
116,294,7,2025-04-24 00:03:53.957050,58.09,12.31,406.63,78.80874505078327
162,766,5,2025-02-14 00:03:53.957050,56.94,40.71,284.7,28.503688092729178
118,192,6,2025-02-26 00:03:53.957050,61.459999999999994,44.22,368.76,28.050764725024397
191,771,6,2025-02-25 00:03:53.957050,85.06,45.89,510.36,46.04984716670585
157,160,8,2025-03-19 00:03:53.957050,87.46,62.22,699.68,28.858906928881773
154,733,9,2025-02-28 00:03:53.957050,97.97,58.02,881.73,40.77778911911809
189,150,2,2025-05-08 00:03:53.957050,72.64999999999999,64.71,145.29999999999998,10.929112181693048
189,502,9,2025-03-27 00:03:53.957050,105.78,78.84,952.02,25.46795235394214
161,888,9,2025-03-20 00:03:53.957050,89.68,83.17,807.1200000000001,7.259143621766285
122,104,7,2025-03-09 00:03:53.957050,82.44999999999999,74.63,577.1499999999999,9.484536082474222
108,565,1,2025-02-18 00:03:53.957050,141.79,96.0,141.79,32.29423795754284
111,703,7,2025-02-20 00:03:53.957050,22.91,11.64,160.37,49.19249236141423
100,781,5,2025-04-30 00:03:53.957050,56.58,27.62,282.9,51.1841640155532
157,928,6,2025-04-05 00:03:53.957050,34.18,10.68,205.07999999999998,68.75365710942071
100,633,7,2025-03-07 00:03:53.957050,88.89999999999999,68.27,622.3,23.20584926884139
133,504,5,2025-04-23 00:03:53.957050,136.31,90.82,681.55,33.372459834201464
195,937,7,2025-05-01 00:03:53.957050,37.89,31.91,265.23,15.782528371602004
147,612,9,2025-04-06 00:03:53.957050,128.3,93.43,1154.7,27.178487918939986
188,744,3,2025-05-03 00:03:53.957050,63.77,15.42,191.31,75.81935079190842
100,332,8,2025-04-24 00:03:53.957050,124.31,94.1,994.48,24.30214785616604
115,623,2,2025-05-03 00:03:53.957050,88.81,41.65,177.62,53.10212813872312
160,445,7,2025-03-05 00:03:53.957050,26.479999999999997,19.13,185.35999999999999,27.756797583081568
163,145,2,2025-02-16 00:03:53.957050,77.58,53.73,155.16,30.74245939675174
162,645,4,2025-04-24 00:03:53.957050,49.82,33.11,199.28,33.54074668807708
168,177,7,2025-02-25 00:03:53.957050,73.53,35.64,514.71,51.52998776009792
121,829,3,2025-05-01 00:03:53.957050,86.82,37.66,260.46,56.62289794978116
192,912,2,2025-05-01 00:03:53.957050,98.81,82.27,197.62,16.739196437607536
166,172,7,2025-03-13 00:03:53.957050,92.96000000000001,58.52,650.72,37.048192771084345
